Aerospace Engineering and Operations Technicians,
Aerospace Engineers,
Agricultural Engineers,
"Architects, Except Landscape and Naval",
Architectural and Civil Drafters,
Architectural Drafters,
Automotive Engineering Technicians,
Automotive Engineers,
Biochemical Engineers,
Biomedical Engineers,
Cartographers and Photogrammetrists,
Chemical Engineers,
Civil Drafters,
Civil Engineering Technicians,
Civil Engineers,
Computer Hardware Engineers,
"Drafters, All Other",
Electrical and Electronic Engineering Technicians,
Electrical and Electronics Drafters,
Electrical Drafters,
Electrical Engineering Technicians,
Electrical Engineering Technologists,
Electrical Engineers,
Electro-Mechanical Technicians,
Electromechanical Engineering Technologists,
Electronic Drafters,
Electronics Engineering Technicians,
Electronics Engineering Technologists,Architecture and Engineering
"Electronics Engineers, Except Computer",Architecture and Engineering
Energy Engineers,Architecture and Engineering
"Engineering Technicians, Except Drafters, All Other",Architecture and Engineering
"Engineers, All Other",Architecture and Engineering
Environmental Engineering Technicians,Architecture and Engineering
Environmental Engineers,Architecture and Engineering
Fire-Prevention and Protection Engineers,Architecture and Engineering
Fuel Cell Engineers,Architecture and Engineering
Fuel Cell Technicians,Architecture and Engineering
Geodetic Surveyors,Architecture and Engineering
"Health and Safety Engineers, Except Mining Safety Engineers and Inspectors",Architecture and Engineering
Human Factors Engineers and Ergonomists,Architecture and Engineering
Industrial Engineering Technicians,Architecture and Engineering
Industrial Engineering Technologists,Architecture and Engineering
Industrial Engineers,Architecture and Engineering
Industrial Safety and Health Engineers,Architecture and Engineering
Landscape Architects,Architecture and Engineering
Manufacturing Engineering Technologists,Architecture and Engineering
Manufacturing Engineers,Architecture and Engineering
Manufacturing Production Technicians,Architecture and Engineering
Mapping Technicians,Architecture and Engineering
Marine Architects,Architecture and Engineering
Marine Engineers,Architecture and Engineering
Marine Engineers and Naval Architects,Architecture and Engineering
Materials Engineers,Architecture and Engineering
Mechanical Drafters,Architecture and Engineering
Mechanical Engineering Technicians,Architecture and Engineering
Mechanical Engineering Technologists,Architecture and Engineering
Mechanical Engineers,Architecture and Engineering
Mechatronics Engineers,Architecture and Engineering
Microsystems Engineers,Architecture and Engineering
"Mining and Geological Engineers, Including Mining Safety Engineers",Architecture and Engineering
Nanosystems Engineers,Architecture and Engineering
Nanotechnology Engineering Technicians,Architecture and Engineering
Nanotechnology Engineering Technologists,Architecture and Engineering
Non-Destructive Testing Specialists,Architecture and Engineering
Nuclear Engineers,Architecture and Engineering
Petroleum Engineers,Architecture and Engineering
Photonics Engineers,Architecture and Engineering
Photonics Technicians,Architecture and Engineering
Product Safety Engineers,Architecture and Engineering
Radio Frequency Identification Device Specialists,Architecture and Engineering
Robotics Engineers,Architecture and Engineering
Robotics Technicians,Architecture and Engineering
Solar Energy Systems Engineers,Architecture and Engineering
Surveying and Mapping Technicians,Architecture and Engineering
Surveying Technicians,Architecture and Engineering
Surveyors,Architecture and Engineering
Transportation Engineers,Architecture and Engineering
Validation Engineers,Architecture and Engineering
Water/Wastewater Engineers,Architecture and Engineering
Wind Energy Engineers,Architecture and Engineering